Kategori,pengalaman,label
"Menjadi penggerak dalam komunitas belajar bagi rekan guru di sekolah dan wilayahnya","aktif menggerakkan komunitas","Guru penggerak telah melakukan peran dengan baik"
"Menjadi penggerak dalam komunitas belajar bagi rekan guru di sekolah dan wilayahnya","memimpin komunitas belajar","Guru penggerak telah melakukan peran dengan baik"
"Menjadi penggerak dalam komunitas belajar bagi rekan guru di sekolah dan wilayahnya","inovatif dalam komunitas","Guru penggerak telah melakukan peran dengan baik"
"Menjadi penggerak dalam komunitas belajar bagi rekan guru di sekolah dan wilayahnya","memotivasi rekan guru","Guru penggerak telah melakukan peran dengan baik"
"Menjadi penggerak dalam komunitas belajar bagi rekan guru di sekolah dan wilayahnya","mendorong partisipasi","Guru penggerak telah melakukan peran dengan baik"
"Menjadi penggerak dalam komunitas belajar bagi rekan guru di sekolah dan wilayahnya","berinisiatif dalam belajar","Guru penggerak telah melakukan peran dengan baik"
"Menjadi penggerak dalam komunitas belajar bagi rekan guru di sekolah dan wilayahnya","aktif di sekolah","Guru penggerak telah melakukan peran dengan baik"
"Menjadi penggerak dalam komunitas belajar bagi rekan guru di sekolah dan wilayahnya","aktif di wilayah","Guru penggerak telah melakukan peran dengan baik"
"Menjadi penggerak dalam komunitas belajar bagi rekan guru di sekolah dan wilayahnya","kolaborasi antar guru","Guru penggerak telah melakukan peran dengan baik"
"Menjadi penggerak dalam komunitas belajar bagi rekan guru di sekolah dan wilayahnya","pengaruh positif","Guru penggerak telah melakukan peran dengan baik"
"Menjadi penggerak dalam komunitas belajar bagi rekan guru di sekolah dan wilayahnya","mengorganisir kegiatan belajar","Guru penggerak telah melakukan peran dengan baik"
"Menjadi penggerak dalam komunitas belajar bagi rekan guru di sekolah dan wilayahnya","komunitas belajar kuat","Guru penggerak telah melakukan peran dengan baik"
"Menjadi penggerak dalam komunitas belajar bagi rekan guru di sekolah dan wilayahnya","mengembangkan komunitas belajar","Guru penggerak telah melakukan peran dengan baik"
"Menjadi penggerak dalam komunitas belajar bagi rekan guru di sekolah dan wilayahnya","berperan penting dalam komunitas","Guru penggerak telah melakukan peran dengan baik"
"Menjadi penggerak dalam komunitas belajar bagi rekan guru di sekolah dan wilayahnya","memfasilitasi diskusi","Guru penggerak telah melakukan peran dengan baik"
"Menjadi penggerak dalam komunitas belajar bagi rekan guru di sekolah dan wilayahnya","menggalang semangat belajar","Guru penggerak telah melakukan peran dengan baik"
"Menjadi penggerak dalam komunitas belajar bagi rekan guru di sekolah dan wilayahnya","pioneer dalam komunitas","Guru penggerak telah melakukan peran dengan baik"
"Menjadi penggerak dalam komunitas belajar bagi rekan guru di sekolah dan wilayahnya","berbagi pengetahuan","Guru penggerak telah melakukan peran dengan baik"
"Menjadi penggerak dalam komunitas belajar bagi rekan guru di sekolah dan wilayahnya","mentor bagi guru","Guru penggerak telah melakukan peran dengan baik"
"Menjadi penggerak dalam komunitas belajar bagi rekan guru di sekolah dan wilayahnya","memupuk semangat belajar","Guru penggerak telah melakukan peran dengan baik"
"Menjadi penggerak dalam komunitas belajar bagi rekan guru di sekolah dan wilayahnya","tidak aktif menggerakkan komunitas","Guru penggerak belum melakukan perannya secara optimal"
"Menjadi penggerak dalam komunitas belajar bagi rekan guru di sekolah dan wilayahnya","kurang memimpin komunitas belajar","Guru penggerak belum melakukan perannya secara optimal"
"Menjadi penggerak dalam komunitas belajar bagi rekan guru di sekolah dan wilayahnya","kurang inovatif dalam komunitas","Guru penggerak belum melakukan perannya secara optimal"
"Menjadi penggerak dalam komunitas belajar bagi rekan guru di sekolah dan wilayahnya","kurang memotivasi rekan guru","Guru penggerak belum melakukan perannya secara optimal"
"Menjadi penggerak dalam komunitas belajar bagi rekan guru di sekolah dan wilayahnya","kurang mendorong partisipasi","Guru penggerak belum melakukan perannya secara optimal"
"Menjadi penggerak dalam komunitas belajar bagi rekan guru di sekolah dan wilayahnya","kurang berinisiatif dalam belajar","Guru penggerak belum melakukan perannya secara optimal"
"Menjadi penggerak dalam komunitas belajar bagi rekan guru di sekolah dan wilayahnya","minim keterlibatan di sekolah","Guru penggerak belum melakukan perannya secara optimal"
"Menjadi penggerak dalam komunitas belajar bagi rekan guru di sekolah dan wilayahnya","minim keterlibatan di wilayah","Guru penggerak belum melakukan perannya secara optimal"
"Menjadi penggerak dalam komunitas belajar bagi rekan guru di sekolah dan wilayahnya","kurang kolaborasi antar guru","Guru penggerak belum melakukan perannya secara optimal"
"Menjadi penggerak dalam komunitas belajar bagi rekan guru di sekolah dan wilayahnya","dampak negatif atau tidak berpengaruh","Guru penggerak belum melakukan perannya secara optimal"
"Menjadi penggerak dalam komunitas belajar bagi rekan guru di sekolah dan wilayahnya","tidak mengorganisir kegiatan belajar","Guru penggerak belum melakukan perannya secara optimal"
"Menjadi penggerak dalam komunitas belajar bagi rekan guru di sekolah dan wilayahnya","komunitas belajar lemah","Guru penggerak belum melakukan perannya secara optimal"
"Menjadi penggerak dalam komunitas belajar bagi rekan guru di sekolah dan wilayahnya","tidak mengembangkan komunitas belajar","Guru penggerak belum melakukan perannya secara optimal"
"Menjadi penggerak dalam komunitas belajar bagi rekan guru di sekolah dan wilayahnya","peran tidak penting dalam komunitas","Guru penggerak belum melakukan perannya secara optimal"
"Menjadi penggerak dalam komunitas belajar bagi rekan guru di sekolah dan wilayahnya","tidak memfasilitasi diskusi","Guru penggerak belum melakukan perannya secara optimal"
"Menjadi penggerak dalam komunitas belajar bagi rekan guru di sekolah dan wilayahnya","tidak menggalang semangat belajar","Guru penggerak belum melakukan perannya secara optimal"
"Menjadi penggerak dalam komunitas belajar bagi rekan guru di sekolah dan wilayahnya","tidak menjadi pelopor dalam komunitas","Guru penggerak belum melakukan perannya secara optimal"
"Menjadi penggerak dalam komunitas belajar bagi rekan guru di sekolah dan wilayahnya","tidak berbagi pengetahuan","Guru penggerak belum melakukan perannya secara optimal"
"Menjadi penggerak dalam komunitas belajar bagi rekan guru di sekolah dan wilayahnya","tidak menjadi mentor bagi guru","Guru penggerak belum melakukan perannya secara optimal"
"Menjadi penggerak dalam komunitas belajar bagi rekan guru di sekolah dan wilayahnya","tidak memupuk semangat belajar","Guru penggerak belum melakukan perannya secara optimal"
"Berperan dalam melatih rekan guru dalam mengembangkan pembelajaran yang berpusat pada peserta didik","aktif melatih rekan guru","Guru penggerak telah melakukan peran dengan baik"
"Berperan dalam melatih rekan guru dalam mengembangkan pembelajaran yang berpusat pada peserta didik","mendukung pengembangan pembelajaran berpusat pada peserta didik","Guru penggerak telah melakukan peran dengan baik"
"Berperan dalam melatih rekan guru dalam mengembangkan pembelajaran yang berpusat pada peserta didik","memberikan pelatihan berkualitas","Guru penggerak telah melakukan peran dengan baik"
"Berperan dalam melatih rekan guru dalam mengembangkan pembelajaran yang berpusat pada peserta didik","memfasilitasi pengembangan keahlian","Guru penggerak telah melakukan peran dengan baik"
"Berperan dalam melatih rekan guru dalam mengembangkan pembelajaran yang berpusat pada peserta didik","membagikan sumber daya dan dukungan","Guru penggerak telah melakukan peran dengan baik"
"Berperan dalam melatih rekan guru dalam mengembangkan pembelajaran yang berpusat pada peserta didik","mengorganisir sesi pelatihan","Guru penggerak telah melakukan peran dengan baik"
"Berperan dalam melatih rekan guru dalam mengembangkan pembelajaran yang berpusat pada peserta didik","kolaborasi dalam pengembangan kurikulum","Guru penggerak telah melakukan peran dengan baik"
"Berperan dalam melatih rekan guru dalam mengembangkan pembelajaran yang berpusat pada peserta didik","mendukung pendekatan pembelajaran berbasis peserta didik","Guru penggerak telah melakukan peran dengan baik"
"Berperan dalam melatih rekan guru dalam mengembangkan pembelajaran yang berpusat pada peserta didik","mendorong refleksi dan perbaikan","Guru penggerak telah melakukan peran dengan baik"
"Berperan dalam melatih rekan guru dalam mengembangkan pembelajaran yang berpusat pada peserta didik","membagikan praktik terbaik","Guru penggerak telah melakukan peran dengan baik"
"Berperan dalam melatih rekan guru dalam mengembangkan pembelajaran yang berpusat pada peserta didik","memberikan umpan balik yang konstruktif","Guru penggerak telah melakukan peran dengan baik"
"Berperan dalam melatih rekan guru dalam mengembangkan pembelajaran yang berpusat pada peserta didik","menyediakan bimbingan yang diperlukan","Guru penggerak telah melakukan peran dengan baik"
"Berperan dalam melatih rekan guru dalam mengembangkan pembelajaran yang berpusat pada peserta didik","mengatur waktu untuk pelatihan","Guru penggerak telah melakukan peran dengan baik"
"Berperan dalam melatih rekan guru dalam mengembangkan pembelajaran yang berpusat pada peserta didik","memfasilitasi diskusi tentang strategi pembelajaran","Guru penggerak telah melakukan peran dengan baik"
"Berperan dalam melatih rekan guru dalam mengembangkan pembelajaran yang berpusat pada peserta didik","mendorong penggunaan teknologi pendidikan","Guru penggerak telah melakukan peran dengan baik"
"Berperan dalam melatih rekan guru dalam mengembangkan pembelajaran yang berpusat pada peserta didik","memfasilitasi pertukaran pengalaman","Guru penggerak telah melakukan peran dengan baik"
"Berperan dalam melatih rekan guru dalam mengembangkan pembelajaran yang berpusat pada peserta didik","memperhatikan kebutuhan individu","Guru penggerak telah melakukan peran dengan baik"
"Berperan dalam melatih rekan guru dalam mengembangkan pembelajaran yang berpusat pada peserta didik","memberikan dukungan untuk peningkatan keterampilan","Guru penggerak telah melakukan peran dengan baik"
"Berperan dalam melatih rekan guru dalam mengembangkan pembelajaran yang berpusat pada peserta didik","membangun kapasitas","Guru penggerak telah melakukan peran dengan baik"
"Berperan dalam melatih rekan guru dalam mengembangkan pembelajaran yang berpusat pada peserta didik","memotivasi untuk pengembangan diri","Guru penggerak telah melakukan peran dengan baik"
"Berperan dalam melatih rekan guru dalam mengembangkan pembelajaran yang berpusat pada peserta didik","kurang melatih rekan guru","Guru penggerak belum melakukan perannya secara optimal"
"Berperan dalam melatih rekan guru dalam mengembangkan pembelajaran yang berpusat pada peserta didik","minim memberikan pelatihan","Guru penggerak belum melakukan perannya secara optimal"
"Berperan dalam melatih rekan guru dalam mengembangkan pembelajaran yang berpusat pada peserta didik","tidak mengembangkan pembelajaran berpusat pada peserta didik","Guru penggerak belum melakukan perannya secara optimal"
"Berperan dalam melatih rekan guru dalam mengembangkan pembelajaran yang berpusat pada peserta didik","kurang mendukung pengembangan keahlian","Guru penggerak belum melakukan perannya secara optimal"
"Berperan dalam melatih rekan guru dalam mengembangkan pembelajaran yang berpusat pada peserta didik","tidak memberikan sumber daya atau dukungan","Guru penggerak belum melakukan perannya secara optimal"
"Berperan dalam melatih rekan guru dalam mengembangkan pembelajaran yang berpusat pada peserta didik","tidak memfasilitasi sesi pelatihan","Guru penggerak belum melakukan perannya secara optimal"
"Berperan dalam melatih rekan guru dalam mengembangkan pembelajaran yang berpusat pada peserta didik","minim kolaborasi dalam pengembangan kurikulum","Guru penggerak belum melakukan perannya secara optimal"
"Berperan dalam melatih rekan guru dalam mengembangkan pembelajaran yang berpusat pada peserta didik","kurang mendukung pendekatan pembelajaran berbasis peserta didik","Guru penggerak belum melakukan perannya secara optimal"
"Berperan dalam melatih rekan guru dalam mengembangkan pembelajaran yang berpusat pada peserta didik","kurang mendorong refleksi dan perbaikan","Guru penggerak belum melakukan perannya secara optimal"
"Berperan dalam melatih rekan guru dalam mengembangkan pembelajaran yang berpusat pada peserta didik","kurang membagikan praktik terbaik","Guru penggerak belum melakukan perannya secara optimal"
"Berperan dalam melatih rekan guru dalam mengembangkan pembelajaran yang berpusat pada peserta didik","tidak memberikan umpan balik yang konstruktif","Guru penggerak belum melakukan perannya secara optimal"
"Berperan dalam melatih rekan guru dalam mengembangkan pembelajaran yang berpusat pada peserta didik","tidak menyediakan bimbingan yang diperlukan","Guru penggerak belum melakukan perannya secara optimal"
"Berperan dalam melatih rekan guru dalam mengembangkan pembelajaran yang berpusat pada peserta didik","minim menyediakan waktu untuk pelatihan","Guru penggerak belum melakukan perannya secara optimal"
"Berperan dalam melatih rekan guru dalam mengembangkan pembelajaran yang berpusat pada peserta didik","tidak memfasilitasi diskusi tentang strategi pembelajaran","Guru penggerak belum melakukan perannya secara optimal"
"Berperan dalam melatih rekan guru dalam mengembangkan pembelajaran yang berpusat pada peserta didik","tidak mendorong penggunaan teknologi pendidikan","Guru penggerak belum melakukan perannya secara optimal"
"Berperan dalam melatih rekan guru dalam mengembangkan pembelajaran yang berpusat pada peserta didik","kurang memfasilitasi pertukaran pengalaman","Guru penggerak belum melakukan perannya secara optimal"
"Berperan dalam melatih rekan guru dalam mengembangkan pembelajaran yang berpusat pada peserta didik","kurang memperhatikan kebutuhan individu","Guru penggerak belum melakukan perannya secara optimal"
"Berperan dalam melatih rekan guru dalam mengembangkan pembelajaran yang berpusat pada peserta didik","tidak memberikan dukungan untuk peningkatan keterampilan","Guru penggerak belum melakukan perannya secara optimal"
"Berperan dalam melatih rekan guru dalam mengembangkan pembelajaran yang berpusat pada peserta didik","minim membangun kapasitas","Guru penggerak belum melakukan perannya secara optimal"
"Berperan dalam melatih rekan guru dalam mengembangkan pembelajaran yang berpusat pada peserta didik","kurang memotivasi untuk pengembangan diri","Guru penggerak belum melakukan perannya secara optimal"
"Menjadi agen perubahan dalam hal peningkatan kualitas kepemimpinan peserta didik di sekolah","Mendorong partisipasi aktif siswa dalam kepemimpinan","Guru penggerak telah melakukan peran dengan baik"
"Menjadi agen perubahan dalam hal peningkatan kualitas kepemimpinan peserta didik di sekolah","Mengorganisir pelatihan kepemimpinan berkualitas","Guru penggerak telah melakukan peran dengan baik"
"Menjadi agen perubahan dalam hal peningkatan kualitas kepemimpinan peserta didik di sekolah","Memberikan dukungan dan bimbingan kepemimpinan","Guru penggerak telah melakukan peran dengan baik"
"Menjadi agen perubahan dalam hal peningkatan kualitas kepemimpinan peserta didik di sekolah","Membangun budaya sekolah yang mempromosikan kepemimpinan siswa","Guru penggerak telah melakukan peran dengan baik"
"Menjadi agen perubahan dalam hal peningkatan kualitas kepemimpinan peserta didik di sekolah","Memfasilitasi forum diskusi tentang kepemimpinan siswa","Guru penggerak telah melakukan peran dengan baik"
"Menjadi agen perubahan dalam hal peningkatan kualitas kepemimpinan peserta didik di sekolah","Mengakui dan memperkuat potensi kepemimpinan setiap siswa","Guru penggerak telah melakukan peran dengan baik"
"Menjadi agen perubahan dalam hal peningkatan kualitas kepemimpinan peserta didik di sekolah","Mengintegrasikan kegiatan kepemimpinan dalam kurikulum","Guru penggerak telah melakukan peran dengan baik"
"Menjadi agen perubahan dalam hal peningkatan kualitas kepemimpinan peserta didik di sekolah","Memotivasi siswa untuk mengambil peran kepemimpinan","Guru penggerak telah melakukan peran dengan baik"
"Menjadi agen perubahan dalam hal peningkatan kualitas kepemimpinan peserta didik di sekolah","Menyediakan sumber daya untuk pengembangan kepemimpinan siswa","Guru penggerak telah melakukan peran dengan baik"
"Menjadi agen perubahan dalam hal peningkatan kualitas kepemimpinan peserta didik di sekolah","Memfasilitasi proyek-proyek kolaboratif yang melibatkan kepemimpinan siswa","Guru penggerak telah melakukan peran dengan baik"
"Menjadi agen perubahan dalam hal peningkatan kualitas kepemimpinan peserta didik di sekolah","Memberikan kesempatan bagi siswa untuk mengembangkan keterampilan kepemimpinan","Guru penggerak telah melakukan peran dengan baik"
"Menjadi agen perubahan dalam hal peningkatan kualitas kepemimpinan peserta didik di sekolah","Menyelenggarakan acara dan kompetisi yang mempromosikan kepemimpinan siswa","Guru penggerak telah melakukan peran dengan baik"
"Menjadi agen perubahan dalam hal peningkatan kualitas kepemimpinan peserta didik di sekolah","Membuat program mentoring antara siswa senior dan junior dalam hal kepemimpinan","Guru penggerak telah melakukan peran dengan baik"
"Menjadi agen perubahan dalam hal peningkatan kualitas kepemimpinan peserta didik di sekolah","Menyediakan sarana untuk evaluasi dan umpan balik kepemimpinan siswa","Guru penggerak telah melakukan peran dengan baik"
"Menjadi agen perubahan dalam hal peningkatan kualitas kepemimpinan peserta didik di sekolah","Mendorong siswa untuk mengidentifikasi dan mengekspresikan visi kepemimpinan mereka","Guru penggerak telah melakukan peran dengan baik"
"Menjadi agen perubahan dalam hal peningkatan kualitas kepemimpinan peserta didik di sekolah","Mendukung inisiatif siswa untuk memperbaiki kondisi sekolah","Guru penggerak telah melakukan peran dengan baik"
"Menjadi agen perubahan dalam hal peningkatan kualitas kepemimpinan peserta didik di sekolah","Melibatkan siswa dalam proses pengambilan keputusan di sekolah","Guru penggerak telah melakukan peran dengan baik"
"Menjadi agen perubahan dalam hal peningkatan kualitas kepemimpinan peserta didik di sekolah","Menyediakan model kepemimpinan yang positif bagi siswa","Guru penggerak telah melakukan peran dengan baik"
"Menjadi agen perubahan dalam hal peningkatan kualitas kepemimpinan peserta didik di sekolah","Menyediakan peluang bagi siswa untuk memimpin proyek dan kegiatan ekstrakurikuler","Guru penggerak telah melakukan peran dengan baik"
"Menjadi agen perubahan dalam hal peningkatan kualitas kepemimpinan peserta didik di sekolah","Menghargai kontribusi dan prestasi kepemimpinan siswa secara terbuka","Guru penggerak telah melakukan peran dengan baik"
"Menjadi agen perubahan dalam hal peningkatan kualitas kepemimpinan peserta didik di sekolah","Kurang mendukung partisipasi siswa dalam kepemimpinan","Guru penggerak belum melakukan perannya secara optimal"
"Menjadi agen perubahan dalam hal peningkatan kualitas kepemimpinan peserta didik di sekolah","Tidak menyediakan pelatihan kepemimpinan yang memadai","Guru penggerak belum melakukan perannya secara optimal"
"Menjadi agen perubahan dalam hal peningkatan kualitas kepemimpinan peserta didik di sekolah","Tidak memberikan dukungan atau bimbingan yang cukup dalam hal kepemimpinan","Guru penggerak belum melakukan perannya secara optimal"
"Menjadi agen perubahan dalam hal peningkatan kualitas kepemimpinan peserta didik di sekolah","Tidak memperhatikan pembentukan budaya sekolah yang mendukung kepemimpinan siswa","Guru penggerak belum melakukan perannya secara optimal"
"Menjadi agen perubahan dalam hal peningkatan kualitas kepemimpinan peserta didik di sekolah","Tidak mengadakan forum atau kegiatan yang mempromosikan diskusi tentang kepemimpinan siswa","Guru penggerak belum melakukan perannya secara optimal"
"Menjadi agen perubahan dalam hal peningkatan kualitas kepemimpinan peserta didik di sekolah","Tidak mengakui atau memperkuat potensi kepemimpinan siswa","Guru penggerak belum melakukan perannya secara optimal"
"Menjadi agen perubahan dalam hal peningkatan kualitas kepemimpinan peserta didik di sekolah","Tidak memasukkan kegiatan kepemimpinan dalam kurikulum","Guru penggerak belum melakukan perannya secara optimal"
"Menjadi agen perubahan dalam hal peningkatan kualitas kepemimpinan peserta didik di sekolah","Tidak memberikan dorongan atau motivasi bagi siswa untuk mengambil peran kepemimpinan","Guru penggerak belum melakukan perannya secara optimal"
"Menjadi agen perubahan dalam hal peningkatan kualitas kepemimpinan peserta didik di sekolah","Tidak menyediakan sumber daya yang dibutuhkan untuk pengembangan kepemimpinan siswa","Guru penggerak belum melakukan perannya secara optimal"
"Menjadi agen perubahan dalam hal peningkatan kualitas kepemimpinan peserta didik di sekolah","Tidak mendukung proyek kolaboratif yang melibatkan kepemimpinan siswa","Guru penggerak belum melakukan perannya secara optimal"
"Menjadi agen perubahan dalam hal peningkatan kualitas kepemimpinan peserta didik di sekolah","Tidak memberikan kesempatan atau dukungan untuk pengembangan keterampilan kepemimpinan siswa","Guru penggerak belum melakukan perannya secara optimal"
"Menjadi agen perubahan dalam hal peningkatan kualitas kepemimpinan peserta didik di sekolah","Tidak melibatkan siswa dalam penyelenggaraan acara atau kompetisi tentang kepemimpinan","Guru penggerak belum melakukan perannya secara optimal"
"Menjadi agen perubahan dalam hal peningkatan kualitas kepemimpinan peserta didik di sekolah","Tidak menyelenggarakan program mentoring yang efektif untuk siswa dalam hal kepemimpinan","Guru penggerak belum melakukan perannya secara optimal"
"Menjadi agen perubahan dalam hal peningkatan kualitas kepemimpinan peserta didik di sekolah","Tidak menyediakan sarana untuk evaluasi atau umpan balik terhadap kepemimpinan siswa","Guru penggerak belum melakukan perannya secara optimal"
"Menjadi agen perubahan dalam hal peningkatan kualitas kepemimpinan peserta didik di sekolah","Tidak mendorong siswa untuk mengembangkan visi kepemimpinan mereka sendiri","Guru penggerak belum melakukan perannya secara optimal"
"Menjadi agen perubahan dalam hal peningkatan kualitas kepemimpinan peserta didik di sekolah","Tidak mendukung inisiatif siswa untuk meningkatkan kondisi sekolah","Guru penggerak belum melakukan perannya secara optimal"
"Menjadi agen perubahan dalam hal peningkatan kualitas kepemimpinan peserta didik di sekolah","Tidak melibatkan siswa dalam proses pengambilan keputusan di sekolah","Guru penggerak belum melakukan perannya secara optimal"
"Menjadi agen perubahan dalam hal peningkatan kualitas kepemimpinan peserta didik di sekolah","Tidak menyediakan model kepemimpinan yang positif bagi siswa","Guru penggerak belum melakukan perannya secara optimal"
"Menjadi agen perubahan dalam hal peningkatan kualitas kepemimpinan peserta didik di sekolah","Tidak memberikan peluang bagi siswa untuk memimpin kegiatan ekstrakurikuler atau proyek","Guru penggerak belum melakukan perannya secara optimal"
"Menjadi agen perubahan dalam hal peningkatan kualitas kepemimpinan peserta didik di sekolah","Tidak memberikan apresiasi terhadap kontribusi atau prestasi kepemimpinan siswa","Guru penggerak belum melakukan perannya secara optimal"
"Harus mampu menciptakan suatu ruang sebagai wadah untuk berdiskusi dan berkolaborasi bersama dengan rekan guru dengan tujuan peningkatan kualitas dalam pembelajaran","Membangun ruang kolaborasi yang inklusif","Guru penggerak telah melakukan peran dengan baik"
"Harus mampu menciptakan suatu ruang sebagai wadah untuk berdiskusi dan berkolaborasi bersama dengan rekan guru dengan tujuan peningkatan kualitas dalam pembelajaran","Menyediakan forum diskusi berkala","Guru penggerak telah melakukan peran dengan baik"
"Harus mampu menciptakan suatu ruang sebagai wadah untuk berdiskusi dan berkolaborasi bersama dengan rekan guru dengan tujuan peningkatan kualitas dalam pembelajaran","Mendukung pembentukan kelompok kerja guru","Guru penggerak telah melakukan peran dengan baik"
"Harus mampu menciptakan suatu ruang sebagai wadah untuk berdiskusi dan berkolaborasi bersama dengan rekan guru dengan tujuan peningkatan kualitas dalam pembelajaran","Mendorong kerja sama tim lintas mata pelajaran","Guru penggerak telah melakukan peran dengan baik"
"Harus mampu menciptakan suatu ruang sebagai wadah untuk berdiskusi dan berkolaborasi bersama dengan rekan guru dengan tujuan peningkatan kualitas dalam pembelajaran","Mengadakan pertemuan rutin untuk berbagi ide","Guru penggerak telah melakukan peran dengan baik"
"Harus mampu menciptakan suatu ruang sebagai wadah untuk berdiskusi dan berkolaborasi bersama dengan rekan guru dengan tujuan peningkatan kualitas dalam pembelajaran","Menfasilitasi sesi refleksi dan diskusi","Guru penggerak telah melakukan peran dengan baik"
"Harus mampu menciptakan suatu ruang sebagai wadah untuk berdiskusi dan berkolaborasi bersama dengan rekan guru dengan tujuan peningkatan kualitas dalam pembelajaran","Mengatur lokakarya dan pelatihan kolektif","Guru penggerak telah melakukan peran dengan baik"
"Harus mampu menciptakan suatu ruang sebagai wadah untuk berdiskusi dan berkolaborasi bersama dengan rekan guru dengan tujuan peningkatan kualitas dalam pembelajaran","Membuka saluran komunikasi terbuka antar guru","Guru penggerak telah melakukan peran dengan baik"
"Harus mampu menciptakan suatu ruang sebagai wadah untuk berdiskusi dan berkolaborasi bersama dengan rekan guru dengan tujuan peningkatan kualitas dalam pembelajaran","Menyediakan platform online untuk berbagi sumber daya","Guru penggerak telah melakukan peran dengan baik"
"Harus mampu menciptakan suatu ruang sebagai wadah untuk berdiskusi dan berkolaborasi bersama dengan rekan guru dengan tujuan peningkatan kualitas dalam pembelajaran","Membuat ruang fisik yang nyaman untuk kolaborasi","Guru penggerak telah melakukan peran dengan baik"
"Harus mampu menciptakan suatu ruang sebagai wadah untuk berdiskusi dan berkolaborasi bersama dengan rekan guru dengan tujuan peningkatan kualitas dalam pembelajaran","Mengadakan pertemuan mingguan untuk membahas masalah pembelajaran","Guru penggerak telah melakukan peran dengan baik"
"Harus mampu menciptakan suatu ruang sebagai wadah untuk berdiskusi dan berkolaborasi bersama dengan rekan guru dengan tujuan peningkatan kualitas dalam pembelajaran","Mendorong partisipasi aktif dalam komunitas pembelajaran profesional","Guru penggerak telah melakukan peran dengan baik"
"Harus mampu menciptakan suatu ruang sebagai wadah untuk berdiskusi dan berkolaborasi bersama dengan rekan guru dengan tujuan peningkatan kualitas dalam pembelajaran","Membuat lingkungan yang terbuka untuk diskusi yang kritis","Guru penggerak telah melakukan peran dengan baik"
"Harus mampu menciptakan suatu ruang sebagai wadah untuk berdiskusi dan berkolaborasi bersama dengan rekan guru dengan tujuan peningkatan kualitas dalam pembelajaran","Memberikan waktu untuk berkolaborasi dan berdiskusi secara terstruktur","Guru penggerak telah melakukan peran dengan baik"
"Harus mampu menciptakan suatu ruang sebagai wadah untuk berdiskusi dan berkolaborasi bersama dengan rekan guru dengan tujuan peningkatan kualitas dalam pembelajaran","Menyediakan akses ke perpustakaan sumber daya pembelajaran","Guru penggerak telah melakukan peran dengan baik"
"Harus mampu menciptakan suatu ruang sebagai wadah untuk berdiskusi dan berkolaborasi bersama dengan rekan guru dengan tujuan peningkatan kualitas dalam pembelajaran","Membuat grup diskusi online untuk berbagi praktik terbaik","Guru penggerak telah melakukan peran dengan baik"
"Harus mampu menciptakan suatu ruang sebagai wadah untuk berdiskusi dan berkolaborasi bersama dengan rekan guru dengan tujuan peningkatan kualitas dalam pembelajaran","Mengadakan sesi mentoring antar guru","Guru penggerak telah melakukan peran dengan baik"
"Harus mampu menciptakan suatu ruang sebagai wadah untuk berdiskusi dan berkolaborasi bersama dengan rekan guru dengan tujuan peningkatan kualitas dalam pembelajaran","Mendorong eksperimen dan inovasi dalam pembelajaran","Guru penggerak telah melakukan peran dengan baik"
"Harus mampu menciptakan suatu ruang sebagai wadah untuk berdiskusi dan berkolaborasi bersama dengan rekan guru dengan tujuan peningkatan kualitas dalam pembelajaran","Menyediakan dukungan untuk proyek kolaboratif antar guru","Guru penggerak telah melakukan peran dengan baik"
"Harus mampu menciptakan suatu ruang sebagai wadah untuk berdiskusi dan berkolaborasi bersama dengan rekan guru dengan tujuan peningkatan kualitas dalam pembelajaran","Membuat budaya kerja yang berfokus pada pembelajaran dan pertumbuhan bersama","Guru penggerak telah melakukan peran dengan baik"
"Harus mampu menciptakan suatu ruang sebagai wadah untuk berdiskusi dan berkolaborasi bersama dengan rekan guru dengan tujuan peningkatan kualitas dalam pembelajaran","Tidak memfasilitasi ruang untuk berdiskusi dan kolaborasi","Guru penggerak belum melakukan perannya secara optimal"
"Harus mampu menciptakan suatu ruang sebagai wadah untuk berdiskusi dan berkolaborasi bersama dengan rekan guru dengan tujuan peningkatan kualitas dalam pembelajaran","Tidak mengadakan pertemuan atau forum diskusi secara teratur","Guru penggerak belum melakukan perannya secara optimal"
"Harus mampu menciptakan suatu ruang sebagai wadah untuk berdiskusi dan berkolaborasi bersama dengan rekan guru dengan tujuan peningkatan kualitas dalam pembelajaran","Kurang mendorong kerja sama antar guru","Guru penggerak belum melakukan perannya secara optimal"
"Harus mampu menciptakan suatu ruang sebagai wadah untuk berdiskusi dan berkolaborasi bersama dengan rekan guru dengan tujuan peningkatan kualitas dalam pembelajaran","Tidak mendukung pembentukan kelompok kerja","Guru penggerak belum melakukan perannya secara optimal"
"Harus mampu menciptakan suatu ruang sebagai wadah untuk berdiskusi dan berkolaborasi bersama dengan rekan guru dengan tujuan peningkatan kualitas dalam pembelajaran","Tidak mengadakan sesi refleksi atau lokakarya kolektif","Guru penggerak belum melakukan perannya secara optimal"
"Harus mampu menciptakan suatu ruang sebagai wadah untuk berdiskusi dan berkolaborasi bersama dengan rekan guru dengan tujuan peningkatan kualitas dalam pembelajaran","Tidak membuka saluran komunikasi yang efektif","Guru penggerak belum melakukan perannya secara optimal"
"Harus mampu menciptakan suatu ruang sebagai wadah untuk berdiskusi dan berkolaborasi bersama dengan rekan guru dengan tujuan peningkatan kualitas dalam pembelajaran","Tidak menyediakan platform untuk berbagi sumber daya atau ide","Guru penggerak belum melakukan perannya secara optimal"
"Harus mampu menciptakan suatu ruang sebagai wadah untuk berdiskusi dan berkolaborasi bersama dengan rekan guru dengan tujuan peningkatan kualitas dalam pembelajaran","Tidak membuat lingkungan yang kondusif untuk kolaborasi","Guru penggerak belum melakukan perannya secara optimal"
"Harus mampu menciptakan suatu ruang sebagai wadah untuk berdiskusi dan berkolaborasi bersama dengan rekan guru dengan tujuan peningkatan kualitas dalam pembelajaran","Tidak mengadakan pertemuan yang terjadwal untuk membahas masalah pembelajaran","Guru penggerak belum melakukan perannya secara optimal"
"Harus mampu menciptakan suatu ruang sebagai wadah untuk berdiskusi dan berkolaborasi bersama dengan rekan guru dengan tujuan peningkatan kualitas dalam pembelajaran","Tidak mendorong partisipasi dalam komunitas pembelajaran profesional","Guru penggerak belum melakukan perannya secara optimal"
"Harus mampu menciptakan suatu ruang sebagai wadah untuk berdiskusi dan berkolaborasi bersama dengan rekan guru dengan tujuan peningkatan kualitas dalam pembelajaran","Tidak menciptakan ruang untuk diskusi yang kritis atau inovasi","Guru penggerak belum melakukan perannya secara optimal"
"Harus mampu menciptakan suatu ruang sebagai wadah untuk berdiskusi dan berkolaborasi bersama dengan rekan guru dengan tujuan peningkatan kualitas dalam pembelajaran","Tidak memberikan waktu atau dukungan untuk berkolaborasi","Guru penggerak belum melakukan perannya secara optimal"
"Harus mampu menciptakan suatu ruang sebagai wadah untuk berdiskusi dan berkolaborasi bersama dengan rekan guru dengan tujuan peningkatan kualitas dalam pembelajaran","Tidak menyediakan akses ke sumber daya pembelajaran","Guru penggerak belum melakukan perannya secara optimal"
"Harus mampu menciptakan suatu ruang sebagai wadah untuk berdiskusi dan berkolaborasi bersama dengan rekan guru dengan tujuan peningkatan kualitas dalam pembelajaran","Tidak mengadakan grup diskusi online atau sesi mentoring","Guru penggerak belum melakukan perannya secara optimal"
"Harus mampu menciptakan suatu ruang sebagai wadah untuk berdiskusi dan berkolaborasi bersama dengan rekan guru dengan tujuan peningkatan kualitas dalam pembelajaran","Tidak mendorong eksperimen atau inovasi dalam pembelajaran","Guru penggerak belum melakukan perannya secara optimal"
"Harus mampu menciptakan suatu ruang sebagai wadah untuk berdiskusi dan berkolaborasi bersama dengan rekan guru dengan tujuan peningkatan kualitas dalam pembelajaran","Tidak mendukung proyek kolaboratif antar guru","Guru penggerak belum melakukan perannya secara optimal"
"Harus mampu menciptakan suatu ruang sebagai wadah untuk berdiskusi dan berkolaborasi bersama dengan rekan guru dengan tujuan peningkatan kualitas dalam pembelajaran","Tidak memfasilitasi budaya kerja yang berfokus pada pembelajaran bersama","Guru penggerak belum melakukan perannya secara optimal"
"Harus mampu menciptakan suatu ruang sebagai wadah untuk berdiskusi dan berkolaborasi bersama dengan rekan guru dengan tujuan peningkatan kualitas dalam pembelajaran","Tidak memperhatikan kebutuhan untuk pertumbuhan profesional dan kolaboratif","Guru penggerak belum melakukan perannya secara optimal"
"Harus mampu menciptakan suatu ruang sebagai wadah untuk berdiskusi dan berkolaborasi bersama dengan rekan guru dengan tujuan peningkatan kualitas dalam pembelajaran","Tidak menghargai atau mendorong kontribusi guru dalam diskusi atau kolaborasi","Guru penggerak belum melakukan perannya secara optimal"
"Harus mampu menciptakan suatu ruang sebagai wadah untuk berdiskusi dan berkolaborasi bersama dengan rekan guru dengan tujuan peningkatan kualitas dalam pembelajaran","Tidak menyediakan dukungan atau sumber daya untuk pengembangan kolektif","Guru penggerak belum melakukan perannya secara optimal"
"Harus menciptakan suasana pembelajaran yang nyaman dan damai sehingga dengan pembelajaran yang nyaman peserta didik terdorong untuk mengembangkan dirinya menjadi pribadi yang bernalar kritis, kreatif, berhati mulia dan memiliki sikap toleransi","Memperhatikan kebutuhan emosional siswa","Guru Penggerak Telah Melakukan Perannya dengan Baik"
"Harus menciptakan suasana pembelajaran yang nyaman dan damai sehingga dengan pembelajaran yang nyaman peserta didik terdorong untuk mengembangkan dirinya menjadi pribadi yang bernalar kritis, kreatif, berhati mulia dan memiliki sikap toleransi","Membangun hubungan yang positif dengan siswa","Guru Penggerak Telah Melakukan Perannya dengan Baik"
"Harus menciptakan suasana pembelajaran yang nyaman dan damai sehingga dengan pembelajaran yang nyaman peserta didik terdorong untuk mengembangkan dirinya menjadi pribadi yang bernalar kritis, kreatif, berhati mulia dan memiliki sikap toleransi","Menciptakan lingkungan yang inklusif","Guru Penggerak Telah Melakukan Perannya dengan Baik"
"Harus menciptakan suasana pembelajaran yang nyaman dan damai sehingga dengan pembelajaran yang nyaman peserta didik terdorong untuk mengembangkan dirinya menjadi pribadi yang bernalar kritis, kreatif, berhati mulia dan memiliki sikap toleransi","Menyediakan dukungan sosial bagi siswa","Guru Penggerak Telah Melakukan Perannya dengan Baik"
"Harus menciptakan suasana pembelajaran yang nyaman dan damai sehingga dengan pembelajaran yang nyaman peserta didik terdorong untuk mengembangkan dirinya menjadi pribadi yang bernalar kritis, kreatif, berhati mulia dan memiliki sikap toleransi","Membuat aturan kelas yang jelas dan adil","Guru Penggerak Telah Melakukan Perannya dengan Baik"
"Harus menciptakan suasana pembelajaran yang nyaman dan damai sehingga dengan pembelajaran yang nyaman peserta didik terdorong untuk mengembangkan dirinya menjadi pribadi yang bernalar kritis, kreatif, berhati mulia dan memiliki sikap toleransi","Memfasilitasi diskusi terbuka dan terhormat","Guru Penggerak Telah Melakukan Perannya dengan Baik"
"Harus menciptakan suasana pembelajaran yang nyaman dan damai sehingga dengan pembelajaran yang nyaman peserta didik terdorong untuk mengembangkan dirinya menjadi pribadi yang bernalar kritis, kreatif, berhati mulia dan memiliki sikap toleransi","Membuat suasana yang tenang dan terstruktur","Guru Penggerak Telah Melakukan Perannya dengan Baik"
"Harus menciptakan suasana pembelajaran yang nyaman dan damai sehingga dengan pembelajaran yang nyaman peserta didik terdorong untuk mengembangkan dirinya menjadi pribadi yang bernalar kritis, kreatif, berhati mulia dan memiliki sikap toleransi","Menggunakan teknik manajemen kelas yang efektif","Guru Penggerak Telah Melakukan Perannya dengan Baik"
"Harus menciptakan suasana pembelajaran yang nyaman dan damai sehingga dengan pembelajaran yang nyaman peserta didik terdorong untuk mengembangkan dirinya menjadi pribadi yang bernalar kritis, kreatif, berhati mulia dan memiliki sikap toleransi","Mengajarkan keterampilan resolusi konflik kepada siswa","Guru Penggerak Telah Melakukan Perannya dengan Baik"
"Harus menciptakan suasana pembelajaran yang nyaman dan damai sehingga dengan pembelajaran yang nyaman peserta didik terdorong untuk mengembangkan dirinya menjadi pribadi yang bernalar kritis, kreatif, berhati mulia dan memiliki sikap toleransi","Mendorong kerja sama dan kolaborasi antar siswa","Guru Penggerak Telah Melakukan Perannya dengan Baik"
"Harus menciptakan suasana pembelajaran yang nyaman dan damai sehingga dengan pembelajaran yang nyaman peserta didik terdorong untuk mengembangkan dirinya menjadi pribadi yang bernalar kritis, kreatif, berhati mulia dan memiliki sikap toleransi","Memberikan umpan balik yang konstruktif dan mendukung","Guru Penggerak Telah Melakukan Perannya dengan Baik"
"Harus menciptakan suasana pembelajaran yang nyaman dan damai sehingga dengan pembelajaran yang nyaman peserta didik terdorong untuk mengembangkan dirinya menjadi pribadi yang bernalar kritis, kreatif, berhati mulia dan memiliki sikap toleransi","Mendukung keberagaman dan perspektif yang berbeda","Guru Penggerak Telah Melakukan Perannya dengan Baik"
"Harus menciptakan suasana pembelajaran yang nyaman dan damai sehingga dengan pembelajaran yang nyaman peserta didik terdorong untuk mengembangkan dirinya menjadi pribadi yang bernalar kritis, kreatif, berhati mulia dan memiliki sikap toleransi","Menyediakan waktu untuk refleksi dan introspeksi","Guru Penggerak Telah Melakukan Perannya dengan Baik"
"Harus menciptakan suasana pembelajaran yang nyaman dan damai sehingga dengan pembelajaran yang nyaman peserta didik terdorong untuk mengembangkan dirinya menjadi pribadi yang bernalar kritis, kreatif, berhati mulia dan memiliki sikap toleransi","Mendorong kemandirian dan tanggung jawab siswa","Guru Penggerak Telah Melakukan Perannya dengan Baik"
"Harus menciptakan suasana pembelajaran yang nyaman dan damai sehingga dengan pembelajaran yang nyaman peserta didik terdorong untuk mengembangkan dirinya menjadi pribadi yang bernalar kritis, kreatif, berhati mulia dan memiliki sikap toleransi","Memfasilitasi aktivitas yang menstimulasi kreativitas dan pemikiran kritis","Guru Penggerak Telah Melakukan Perannya dengan Baik"
"Harus menciptakan suasana pembelajaran yang nyaman dan damai sehingga dengan pembelajaran yang nyaman peserta didik terdorong untuk mengembangkan dirinya menjadi pribadi yang bernalar kritis, kreatif, berhati mulia dan memiliki sikap toleransi","Menghargai dan merayakan pencapaian siswa","Guru Penggerak Telah Melakukan Perannya dengan Baik"
"Harus menciptakan suasana pembelajaran yang nyaman dan damai sehingga dengan pembelajaran yang nyaman peserta didik terdorong untuk mengembangkan dirinya menjadi pribadi yang bernalar kritis, kreatif, berhati mulia dan memiliki sikap toleransi","Menyediakan ruang untuk ekspresi dan pengekspresian diri","Guru Penggerak Telah Melakukan Perannya dengan Baik"
"Harus menciptakan suasana pembelajaran yang nyaman dan damai sehingga dengan pembelajaran yang nyaman peserta didik terdorong untuk mengembangkan dirinya menjadi pribadi yang bernalar kritis, kreatif, berhati mulia dan memiliki sikap toleransi","Mengintegrasikan nilai-nilai moral dan etika dalam pembelajaran","Guru Penggerak Telah Melakukan Perannya dengan Baik"
"Harus menciptakan suasana pembelajaran yang nyaman dan damai sehingga dengan pembelajaran yang nyaman peserta didik terdorong untuk mengembangkan dirinya menjadi pribadi yang bernalar kritis, kreatif, berhati mulia dan memiliki sikap toleransi","Memperhatikan kesejahteraan mental dan emosional siswa","Guru Penggerak Telah Melakukan Perannya dengan Baik"
"Harus menciptakan suasana pembelajaran yang nyaman dan damai sehingga dengan pembelajaran yang nyaman peserta didik terdorong untuk mengembangkan dirinya menjadi pribadi yang bernalar kritis, kreatif, berhati mulia dan memiliki sikap toleransi","Melibatkan siswa dalam proses pengambilan keputusan di kelas","Guru Penggerak Telah Melakukan Perannya dengan Baik"
"Harus menciptakan suasana pembelajaran yang nyaman dan damai sehingga dengan pembelajaran yang nyaman peserta didik terdorong untuk mengembangkan dirinya menjadi pribadi yang bernalar kritis, kreatif, berhati mulia dan memiliki sikap toleransi","Tidak memperhatikan kebutuhan emosional siswa","Guru Penggerak belum melakukan perannya secara optimal"
"Harus menciptakan suasana pembelajaran yang nyaman dan damai sehingga dengan pembelajaran yang nyaman peserta didik terdorong untuk mengembangkan dirinya menjadi pribadi yang bernalar kritis, kreatif, berhati mulia dan memiliki sikap toleransi","Tidak membangun hubungan yang positif dengan siswa","Guru Penggerak belum melakukan perannya secara optimal"
"Harus menciptakan suasana pembelajaran yang nyaman dan damai sehingga dengan pembelajaran yang nyaman peserta didik terdorong untuk mengembangkan dirinya menjadi pribadi yang bernalar kritis, kreatif, berhati mulia dan memiliki sikap toleransi","Tidak menciptakan lingkungan yang inklusif","Guru Penggerak belum melakukan perannya secara optimal"
"Harus menciptakan suasana pembelajaran yang nyaman dan damai sehingga dengan pembelajaran yang nyaman peserta didik terdorong untuk mengembangkan dirinya menjadi pribadi yang bernalar kritis, kreatif, berhati mulia dan memiliki sikap toleransi","Tidak menyediakan dukungan sosial yang cukup bagi siswa","Guru Penggerak belum melakukan perannya secara optimal"
"Harus menciptakan suasana pembelajaran yang nyaman dan damai sehingga dengan pembelajaran yang nyaman peserta didik terdorong untuk mengembangkan dirinya menjadi pribadi yang bernalar kritis, kreatif, berhati mulia dan memiliki sikap toleransi","Tidak membuat aturan kelas yang jelas atau adil","Guru Penggerak belum melakukan perannya secara optimal"
"Harus menciptakan suasana pembelajaran yang nyaman dan damai sehingga dengan pembelajaran yang nyaman peserta didik terdorong untuk mengembangkan dirinya menjadi pribadi yang bernalar kritis, kreatif, berhati mulia dan memiliki sikap toleransi","Tidak memfasilitasi diskusi yang terbuka dan terhormat","Guru Penggerak belum melakukan perannya secara optimal"
"Harus menciptakan suasana pembelajaran yang nyaman dan damai sehingga dengan pembelajaran yang nyaman peserta didik terdorong untuk mengembangkan dirinya menjadi pribadi yang bernalar kritis, kreatif, berhati mulia dan memiliki sikap toleransi","Tidak menciptakan suasana yang tenang atau terstruktur","Guru Penggerak belum melakukan perannya secara optimal"
"Harus menciptakan suasana pembelajaran yang nyaman dan damai sehingga dengan pembelajaran yang nyaman peserta didik terdorong untuk mengembangkan dirinya menjadi pribadi yang bernalar kritis, kreatif, berhati mulia dan memiliki sikap toleransi","Tidak menggunakan teknik manajemen kelas yang efektif","Guru Penggerak belum melakukan perannya secara optimal"
"Harus menciptakan suasana pembelajaran yang nyaman dan damai sehingga dengan pembelajaran yang nyaman peserta didik terdorong untuk mengembangkan dirinya menjadi pribadi yang bernalar kritis, kreatif, berhati mulia dan memiliki sikap toleransi","Tidak mengajarkan keterampilan resolusi konflik kepada siswa","Guru Penggerak belum melakukan perannya secara optimal"
"Harus menciptakan suasana pembelajaran yang nyaman dan damai sehingga dengan pembelajaran yang nyaman peserta didik terdorong untuk mengembangkan dirinya menjadi pribadi yang bernalar kritis, kreatif, berhati mulia dan memiliki sikap toleransi","Tidak mendorong kerja sama atau kolaborasi antar siswa","Guru Penggerak belum melakukan perannya secara optimal"
"Harus menciptakan suasana pembelajaran yang nyaman dan damai sehingga dengan pembelajaran yang nyaman peserta didik terdorong untuk mengembangkan dirinya menjadi pribadi yang bernalar kritis, kreatif, berhati mulia dan memiliki sikap toleransi","Tidak memberikan umpan balik yang memadai kepada siswa","Guru Penggerak belum melakukan perannya secara optimal"
"Harus menciptakan suasana pembelajaran yang nyaman dan damai sehingga dengan pembelajaran yang nyaman peserta didik terdorong untuk mengembangkan dirinya menjadi pribadi yang bernalar kritis, kreatif, berhati mulia dan memiliki sikap toleransi","Tidak mendukung keberagaman atau perspektif yang berbeda","Guru Penggerak belum melakukan perannya secara optimal"
"Harus menciptakan suasana pembelajaran yang nyaman dan damai sehingga dengan pembelajaran yang nyaman peserta didik terdorong untuk mengembangkan dirinya menjadi pribadi yang bernalar kritis, kreatif, berhati mulia dan memiliki sikap toleransi","Tidak menyediakan waktu untuk refleksi atau introspeksi","Guru Penggerak belum melakukan perannya secara optimal"
"Harus menciptakan suasana pembelajaran yang nyaman dan damai sehingga dengan pembelajaran yang nyaman peserta didik terdorong untuk mengembangkan dirinya menjadi pribadi yang bernalar kritis, kreatif, berhati mulia dan memiliki sikap toleransi","Tidak mendorong kemandirian atau tanggung jawab siswa","Guru Penggerak belum melakukan perannya secara optimal"
"Harus menciptakan suasana pembelajaran yang nyaman dan damai sehingga dengan pembelajaran yang nyaman peserta didik terdorong untuk mengembangkan dirinya menjadi pribadi yang bernalar kritis, kreatif, berhati mulia dan memiliki sikap toleransi","Tidak memfasilitasi aktivitas yang menstimulasi kreativitas atau pemikiran kritis","Guru Penggerak belum melakukan perannya secara optimal"
"Harus menciptakan suasana pembelajaran yang nyaman dan damai sehingga dengan pembelajaran yang nyaman peserta didik terdorong untuk mengembangkan dirinya menjadi pribadi yang bernalar kritis, kreatif, berhati mulia dan memiliki sikap toleransi","Tidak menghargai atau merayakan pencapaian siswa","Guru Penggerak belum melakukan perannya secara optimal"
"Harus menciptakan suasana pembelajaran yang nyaman dan damai sehingga dengan pembelajaran yang nyaman peserta didik terdorong untuk mengembangkan dirinya menjadi pribadi yang bernalar kritis, kreatif, berhati mulia dan memiliki sikap toleransi","Tidak menyediakan ruang untuk ekspresi atau pengekspresian diri siswa","Guru Penggerak belum melakukan perannya secara optimal"
"Harus menciptakan suasana pembelajaran yang nyaman dan damai sehingga dengan pembelajaran yang nyaman peserta didik terdorong untuk mengembangkan dirinya menjadi pribadi yang bernalar kritis, kreatif, berhati mulia dan memiliki sikap toleransi","Tidak mengintegrasikan nilai-nilai moral atau etika dalam pembelajaran","Guru Penggerak belum melakukan perannya secara optimal"
"Harus menciptakan suasana pembelajaran yang nyaman dan damai sehingga dengan pembelajaran yang nyaman peserta didik terdorong untuk mengembangkan dirinya menjadi pribadi yang bernalar kritis, kreatif, berhati mulia dan memiliki sikap toleransi","Tidak memperhatikan kesejahteraan mental atau emosional siswa","Guru Penggerak belum melakukan perannya secara optimal"
"Harus menciptakan suasana pembelajaran yang nyaman dan damai sehingga dengan pembelajaran yang nyaman peserta didik terdorong untuk mengembangkan dirinya menjadi pribadi yang bernalar kritis, kreatif, berhati mulia dan memiliki sikap toleransi","Tidak melibatkan siswa dalam proses pengambilan keputusan di kelas","Guru Penggerak belum melakukan perannya secara optimal"
"Guru penggerak harus mampu meningkatkan dan mengembangkan kompetensinya secara mandiri serta selalu mengupgrade dirinya dalam mengikuti perkembangan zaman","Mengikuti pelatihan dan kursus terkini","Guru Penggerak Telah Melakukan Perannya dengan Baik"
"Guru penggerak harus mampu meningkatkan dan mengembangkan kompetensinya secara mandiri serta selalu mengupgrade dirinya dalam mengikuti perkembangan zaman","Membaca literatur pendidikan dan penelitian terbaru","Guru Penggerak Telah Melakukan Perannya dengan Baik"
"Guru penggerak harus mampu meningkatkan dan mengembangkan kompetensinya secara mandiri serta selalu mengupgrade dirinya dalam mengikuti perkembangan zaman","Menghadiri seminar dan konferensi pendidikan","Guru Penggerak Telah Melakukan Perannya dengan Baik"
"Guru penggerak harus mampu meningkatkan dan mengembangkan kompetensinya secara mandiri serta selalu mengupgrade dirinya dalam mengikuti perkembangan zaman","Menyelidiki teknologi dan metodologi pembelajaran baru","Guru Penggerak Telah Melakukan Perannya dengan Baik"
"Guru penggerak harus mampu meningkatkan dan mengembangkan kompetensinya secara mandiri serta selalu mengupgrade dirinya dalam mengikuti perkembangan zaman","Berpartisipasi dalam komunitas pembelajaran profesional","Guru Penggerak Telah Melakukan Perannya dengan Baik"
"Guru penggerak harus mampu meningkatkan dan mengembangkan kompetensinya secara mandiri serta selalu mengupgrade dirinya dalam mengikuti perkembangan zaman","Berlangganan jurnal dan majalah pendidikan","Guru Penggerak Telah Melakukan Perannya dengan Baik"
"Guru penggerak harus mampu meningkatkan dan mengembangkan kompetensinya secara mandiri serta selalu mengupgrade dirinya dalam mengikuti perkembangan zaman","Mengikuti webinar dan sumber belajar online","Guru Penggerak Telah Melakukan Perannya dengan Baik"
"Guru penggerak harus mampu meningkatkan dan mengembangkan kompetensinya secara mandiri serta selalu mengupgrade dirinya dalam mengikuti perkembangan zaman","Berkolaborasi dengan rekan guru untuk pertukaran ide","Guru Penggerak Telah Melakukan Perannya dengan Baik"
"Guru penggerak harus mampu meningkatkan dan mengembangkan kompetensinya secara mandiri serta selalu mengupgrade dirinya dalam mengikuti perkembangan zaman","Mencari umpan balik dari siswa dan rekan kerja","Guru Penggerak Telah Melakukan Perannya dengan Baik"
"Guru penggerak harus mampu meningkatkan dan mengembangkan kompetensinya secara mandiri serta selalu mengupgrade dirinya dalam mengikuti perkembangan zaman","Memperbarui kurikulum dan materi pengajaran secara berkala","Guru Penggerak Telah Melakukan Perannya dengan Baik"
"Guru penggerak harus mampu meningkatkan dan mengembangkan kompetensinya secara mandiri serta selalu mengupgrade dirinya dalam mengikuti perkembangan zaman","Membuat rencana pengembangan profesional pribadi","Guru Penggerak Telah Melakukan Perannya dengan Baik"
"Guru penggerak harus mampu meningkatkan dan mengembangkan kompetensinya secara mandiri serta selalu mengupgrade dirinya dalam mengikuti perkembangan zaman","Melakukan refleksi diri secara teratur","Guru Penggerak Telah Melakukan Perannya dengan Baik"
"Guru penggerak harus mampu meningkatkan dan mengembangkan kompetensinya secara mandiri serta selalu mengupgrade dirinya dalam mengikuti perkembangan zaman","Menghadiri workshop dan pelatihan yang relevan","Guru Penggerak Telah Melakukan Perannya dengan Baik"
"Guru penggerak harus mampu meningkatkan dan mengembangkan kompetensinya secara mandiri serta selalu mengupgrade dirinya dalam mengikuti perkembangan zaman","Mengevaluasi dan memperbaiki praktik mengajar secara berkelanjutan","Guru Penggerak Telah Melakukan Perannya dengan Baik"
"Guru penggerak harus mampu meningkatkan dan mengembangkan kompetensinya secara mandiri serta selalu mengupgrade dirinya dalam mengikuti perkembangan zaman","Mengikuti sertifikasi dan program pengembangan guru","Guru Penggerak Telah Melakukan Perannya dengan Baik"
"Guru penggerak harus mampu meningkatkan dan mengembangkan kompetensinya secara mandiri serta selalu mengupgrade dirinya dalam mengikuti perkembangan zaman","Menjadi mentor atau tutor untuk rekan guru yang membutuhkan","Guru Penggerak Telah Melakukan Perannya dengan Baik"
"Guru penggerak harus mampu meningkatkan dan mengembangkan kompetensinya secara mandiri serta selalu mengupgrade dirinya dalam mengikuti perkembangan zaman","Menggunakan teknologi untuk meningkatkan efisiensi belajar","Guru Penggerak Telah Melakukan Perannya dengan Baik"
"Guru penggerak harus mampu meningkatkan dan mengembangkan kompetensinya secara mandiri serta selalu mengupgrade dirinya dalam mengikuti perkembangan zaman","Memperhatikan tren dan inovasi dalam pendidikan","Guru Penggerak Telah Melakukan Perannya dengan Baik"
"Guru penggerak harus mampu meningkatkan dan mengembangkan kompetensinya secara mandiri serta selalu mengupgrade dirinya dalam mengikuti perkembangan zaman","Menggali bidang baru atau spesialisasi dalam disiplin tertentu","Guru Penggerak Telah Melakukan Perannya dengan Baik"
"Guru penggerak harus mampu meningkatkan dan mengembangkan kompetensinya secara mandiri serta selalu mengupgrade dirinya dalam mengikuti perkembangan zaman","Terlibat dalam proyek kolaboratif yang melibatkan pengembangan profesional","Guru Penggerak Telah Melakukan Perannya dengan Baik"
"Guru penggerak harus mampu meningkatkan dan mengembangkan kompetensinya secara mandiri serta selalu mengupgrade dirinya dalam mengikuti perkembangan zaman","Tidak mengikuti pelatihan atau kursus terbaru","Guru Penggerak belum melakukan perannya secara optimal"
"Guru penggerak harus mampu meningkatkan dan mengembangkan kompetensinya secara mandiri serta selalu mengupgrade dirinya dalam mengikuti perkembangan zaman","Tidak membaca literatur atau riset terbaru dalam pendidikan","Guru Penggerak belum melakukan perannya secara optimal"
"Guru penggerak harus mampu meningkatkan dan mengembangkan kompetensinya secara mandiri serta selalu mengupgrade dirinya dalam mengikuti perkembangan zaman","Tidak menghadiri seminar atau konferensi pendidikan","Guru Penggerak belum melakukan perannya secara optimal"
"Guru penggerak harus mampu meningkatkan dan mengembangkan kompetensinya secara mandiri serta selalu mengupgrade dirinya dalam mengikuti perkembangan zaman","Tidak mencari informasi tentang teknologi atau metodologi baru","Guru Penggerak belum melakukan perannya secara optimal"
"Guru penggerak harus mampu meningkatkan dan mengembangkan kompetensinya secara mandiri serta selalu mengupgrade dirinya dalam mengikuti perkembangan zaman","Tidak terlibat dalam komunitas pembelajaran profesional","Guru Penggerak belum melakukan perannya secara optimal"
"Guru penggerak harus mampu meningkatkan dan mengembangkan kompetensinya secara mandiri serta selalu mengupgrade dirinya dalam mengikuti perkembangan zaman","Tidak berlangganan jurnal atau majalah pendidikan","Guru Penggerak belum melakukan perannya secara optimal"
"Guru penggerak harus mampu meningkatkan dan mengembangkan kompetensinya secara mandiri serta selalu mengupgrade dirinya dalam mengikuti perkembangan zaman","Tidak mengikuti webinar atau sumber belajar online","Guru Penggerak belum melakukan perannya secara optimal"
"Guru penggerak harus mampu meningkatkan dan mengembangkan kompetensinya secara mandiri serta selalu mengupgrade dirinya dalam mengikuti perkembangan zaman","Tidak berkolaborasi dengan rekan guru untuk pertukaran ide","Guru Penggerak belum melakukan perannya secara optimal"
"Guru penggerak harus mampu meningkatkan dan mengembangkan kompetensinya secara mandiri serta selalu mengupgrade dirinya dalam mengikuti perkembangan zaman","Tidak mencari umpan balik dari siswa atau rekan kerja","Guru Penggerak belum melakukan perannya secara optimal"
"Guru penggerak harus mampu meningkatkan dan mengembangkan kompetensinya secara mandiri serta selalu mengupgrade dirinya dalam mengikuti perkembangan zaman","Tidak memperbarui kurikulum atau materi pengajaran secara berkala","Guru Penggerak belum melakukan perannya secara optimal"
"Guru penggerak harus mampu meningkatkan dan mengembangkan kompetensinya secara mandiri serta selalu mengupgrade dirinya dalam mengikuti perkembangan zaman","Tidak membuat rencana pengembangan profesional pribadi","Guru Penggerak belum melakukan perannya secara optimal"
"Guru penggerak harus mampu meningkatkan dan mengembangkan kompetensinya secara mandiri serta selalu mengupgrade dirinya dalam mengikuti perkembangan zaman","Tidak melakukan refleksi diri secara teratur","Guru Penggerak belum melakukan perannya secara optimal"
"Guru penggerak harus mampu meningkatkan dan mengembangkan kompetensinya secara mandiri serta selalu mengupgrade dirinya dalam mengikuti perkembangan zaman","Tidak menghadiri workshop atau pelatihan yang relevan","Guru Penggerak belum melakukan perannya secara optimal"
"Guru penggerak harus mampu meningkatkan dan mengembangkan kompetensinya secara mandiri serta selalu mengupgrade dirinya dalam mengikuti perkembangan zaman","Tidak mengevaluasi atau memperbaiki praktik mengajar secara berkelanjutan","Guru Penggerak belum melakukan perannya secara optimal"
"Guru penggerak harus mampu meningkatkan dan mengembangkan kompetensinya secara mandiri serta selalu mengupgrade dirinya dalam mengikuti perkembangan zaman","Tidak mengikuti sertifikasi atau program pengembangan guru","Guru Penggerak belum melakukan perannya secara optimal"
"Guru penggerak harus mampu meningkatkan dan mengembangkan kompetensinya secara mandiri serta selalu mengupgrade dirinya dalam mengikuti perkembangan zaman","Tidak menjadi mentor atau tutor bagi rekan guru yang membutuhkan","Guru Penggerak belum melakukan perannya secara optimal"
"Guru penggerak harus mampu meningkatkan dan mengembangkan kompetensinya secara mandiri serta selalu mengupgrade dirinya dalam mengikuti perkembangan zaman","Tidak menggunakan teknologi untuk meningkatkan efisiensi belajar","Guru Penggerak belum melakukan perannya secara optimal"
"Guru penggerak harus mampu meningkatkan dan mengembangkan kompetensinya secara mandiri serta selalu mengupgrade dirinya dalam mengikuti perkembangan zaman","Tidak memperhatikan tren atau inovasi dalam pendidikan","Guru Penggerak belum melakukan perannya secara optimal"
"Guru penggerak harus mampu meningkatkan dan mengembangkan kompetensinya secara mandiri serta selalu mengupgrade dirinya dalam mengikuti perkembangan zaman","Tidak menjelajahi bidang baru atau spesialisasi dalam disiplin tertentu","Guru Penggerak belum melakukan perannya secara optimal"
"Guru penggerak harus mampu meningkatkan dan mengembangkan kompetensinya secara mandiri serta selalu mengupgrade dirinya dalam mengikuti perkembangan zaman","Tidak terlibat dalam proyek kolaboratif yang melibatkan pengembangan profesional","Guru Penggerak belum melakukan perannya secara optimal"
"Menjadi motivator untuk mengubah perilaku dan karakter peserta didik kearah yang lebih baik","Mendorong siswa untuk menetapkan tujuan pribadi","Guru Penggerak Telah Melakukan Perannya dengan Baik"
"Menjadi motivator untuk mengubah perilaku dan karakter peserta didik kearah yang lebih baik","Memberikan umpan balik positif dan memotivasi","Guru Penggerak Telah Melakukan Perannya dengan Baik"
"Menjadi motivator untuk mengubah perilaku dan karakter peserta didik kearah yang lebih baik","Menginspirasi rasa percaya diri dan keberanian","Guru Penggerak Telah Melakukan Perannya dengan Baik"
"Menjadi motivator untuk mengubah perilaku dan karakter peserta didik kearah yang lebih baik","Mendukung siswa dalam mengatasi hambatan","Guru Penggerak Telah Melakukan Perannya dengan Baik"
"Menjadi motivator untuk mengubah perilaku dan karakter peserta didik kearah yang lebih baik","Membangun hubungan yang mendukung dan terpercaya","Guru Penggerak Telah Melakukan Perannya dengan Baik"
"Menjadi motivator untuk mengubah perilaku dan karakter peserta didik kearah yang lebih baik","Menciptakan lingkungan yang mendukung pertumbuhan","Guru Penggerak Telah Melakukan Perannya dengan Baik"
"Menjadi motivator untuk mengubah perilaku dan karakter peserta didik kearah yang lebih baik","Menyediakan model peran yang positif","Guru Penggerak Telah Melakukan Perannya dengan Baik"
"Menjadi motivator untuk mengubah perilaku dan karakter peserta didik kearah yang lebih baik","Menggunakan cerita dan contoh untuk membangkitkan semangat","Guru Penggerak Telah Melakukan Perannya dengan Baik"
"Menjadi motivator untuk mengubah perilaku dan karakter peserta didik kearah yang lebih baik","Mendorong eksplorasi minat dan bakat siswa","Guru Penggerak Telah Melakukan Perannya dengan Baik"
"Menjadi motivator untuk mengubah perilaku dan karakter peserta didik kearah yang lebih baik","Memberikan tantangan yang sesuai dengan tingkat kemampuan","Guru Penggerak Telah Melakukan Perannya dengan Baik"
"Menjadi motivator untuk mengubah perilaku dan karakter peserta didik kearah yang lebih baik","Memberikan apresiasi terhadap usaha dan prestasi","Guru Penggerak Telah Melakukan Perannya dengan Baik"
"Menjadi motivator untuk mengubah perilaku dan karakter peserta didik kearah yang lebih baik","Menyediakan dukungan akademis dan emosional","Guru Penggerak Telah Melakukan Perannya dengan Baik"
"Menjadi motivator untuk mengubah perilaku dan karakter peserta didik kearah yang lebih baik","Menetapkan harapan tinggi dan memberikan dukungan","Guru Penggerak Telah Melakukan Perannya dengan Baik"
"Menjadi motivator untuk mengubah perilaku dan karakter peserta didik kearah yang lebih baik","Memberikan dorongan untuk bertanggung jawab atas tindakan","Guru Penggerak Telah Melakukan Perannya dengan Baik"
"Menjadi motivator untuk mengubah perilaku dan karakter peserta didik kearah yang lebih baik","Menggunakan strategi motivasi yang beragam","Guru Penggerak Telah Melakukan Perannya dengan Baik"
"Menjadi motivator untuk mengubah perilaku dan karakter peserta didik kearah yang lebih baik","Mendorong refleksi diri dan pertumbuhan pribadi","Guru Penggerak Telah Melakukan Perannya dengan Baik"
"Menjadi motivator untuk mengubah perilaku dan karakter peserta didik kearah yang lebih baik","Mendukung siswa dalam menemukan motivasi internal","Guru Penggerak Telah Melakukan Perannya dengan Baik"
"Menjadi motivator untuk mengubah perilaku dan karakter peserta didik kearah yang lebih baik","Menggunakan hadiah dan penghargaan sebagai insentif","Guru Penggerak Telah Melakukan Perannya dengan Baik"
"Menjadi motivator untuk mengubah perilaku dan karakter peserta didik kearah yang lebih baik","Menyediakan sumber daya untuk pengembangan karakter","Guru Penggerak Telah Melakukan Perannya dengan Baik"
"Menjadi motivator untuk mengubah perilaku dan karakter peserta didik kearah yang lebih baik","Menyediakan dukungan untuk perubahan positif dalam perilaku","Guru Penggerak Telah Melakukan Perannya dengan Baik"
"Menjadi motivator untuk mengubah perilaku dan karakter peserta didik kearah yang lebih baik","Tidak memberikan perhatian terhadap tujuan pribadi siswa","Guru Penggerak Belum Melakukan Perannya Secara Optimal"
"Menjadi motivator untuk mengubah perilaku dan karakter peserta didik kearah yang lebih baik","Tidak memberikan umpan balik atau motivasi yang cukup","Guru Penggerak Belum Melakukan Perannya Secara Optimal"
"Menjadi motivator untuk mengubah perilaku dan karakter peserta didik kearah yang lebih baik","Tidak membangun rasa percaya diri atau keberanian siswa","Guru Penggerak Belum Melakukan Perannya Secara Optimal"
"Menjadi motivator untuk mengubah perilaku dan karakter peserta didik kearah yang lebih baik","Tidak mendukung siswa dalam mengatasi hambatan","Guru Penggerak Belum Melakukan Perannya Secara Optimal"
"Menjadi motivator untuk mengubah perilaku dan karakter peserta didik kearah yang lebih baik","Tidak memprioritaskan pembangunan hubungan yang mendukung","Guru Penggerak Belum Melakukan Perannya Secara Optimal"
"Menjadi motivator untuk mengubah perilaku dan karakter peserta didik kearah yang lebih baik","Tidak menciptakan lingkungan yang mendukung pertumbuhan","Guru Penggerak Belum Melakukan Perannya Secara Optimal"
"Menjadi motivator untuk mengubah perilaku dan karakter peserta didik kearah yang lebih baik","Tidak menyediakan model peran yang positif","Guru Penggerak Belum Melakukan Perannya Secara Optimal"
"Menjadi motivator untuk mengubah perilaku dan karakter peserta didik kearah yang lebih baik","Tidak menggunakan cerita atau contoh untuk memotivasi","Guru Penggerak Belum Melakukan Perannya Secara Optimal"
"Menjadi motivator untuk mengubah perilaku dan karakter peserta didik kearah yang lebih baik","Tidak mendorong eksplorasi minat dan bakat siswa","Guru Penggerak Belum Melakukan Perannya Secara Optimal"
"Menjadi motivator untuk mengubah perilaku dan karakter peserta didik kearah yang lebih baik","Tidak memberikan tantangan yang memadai","Guru Penggerak Belum Melakukan Perannya Secara Optimal"
"Menjadi motivator untuk mengubah perilaku dan karakter peserta didik kearah yang lebih baik","Tidak memberikan apresiasi atau penghargaan","Guru Penggerak Belum Melakukan Perannya Secara Optimal"
"Menjadi motivator untuk mengubah perilaku dan karakter peserta didik kearah yang lebih baik","Tidak memberikan dukungan akademis atau emosional","Guru Penggerak Belum Melakukan Perannya Secara Optimal"
"Menjadi motivator untuk mengubah perilaku dan karakter peserta didik kearah yang lebih baik","Tidak menetapkan harapan tinggi atau memberikan dukungan","Guru Penggerak Belum Melakukan Perannya Secara Optimal"
"Menjadi motivator untuk mengubah perilaku dan karakter peserta didik kearah yang lebih baik","Tidak mendorong tanggung jawab atas tindakan","Guru Penggerak Belum Melakukan Perannya Secara Optimal"
"Menjadi motivator untuk mengubah perilaku dan karakter peserta didik kearah yang lebih baik","Tidak menggunakan berbagai strategi motivasi","Guru Penggerak Belum Melakukan Perannya Secara Optimal"
"Menjadi motivator untuk mengubah perilaku dan karakter peserta didik kearah yang lebih baik","Tidak mendorong refleksi diri atau pertumbuhan pribadi","Guru Penggerak Belum Melakukan Perannya Secara Optimal"
"Menjadi motivator untuk mengubah perilaku dan karakter peserta didik kearah yang lebih baik","Tidak mendukung siswa dalam menemukan motivasi internal","Guru Penggerak Belum Melakukan Perannya Secara Optimal"
"Menjadi motivator untuk mengubah perilaku dan karakter peserta didik kearah yang lebih baik","Tidak menggunakan hadiah atau penghargaan sebagai insentif","Guru Penggerak Belum Melakukan Perannya Secara Optimal"
"Menjadi motivator untuk mengubah perilaku dan karakter peserta didik kearah yang lebih baik","Tidak menyediakan sumber daya untuk pengembangan karakter","Guru Penggerak Belum Melakukan Perannya Secara Optimal"
"Menjadi motivator untuk mengubah perilaku dan karakter peserta didik kearah yang lebih baik","Tidak memberikan dukungan untuk perubahan positif dalam perilaku","Guru Penggerak Belum Melakukan Perannya Secara Optimal"